-- ExRetailOS Migration Backup
-- Target Database: EXFIN_MERKEZ
-- Date: 2026-01-09 18:59:30.483602

INSERT INTO "vw_aktif_firmalar" ("id", "firma_id", "firma_adi", "supabase_url", "supabase_anon_key", "son_kullanim_tarihi", "max_kullanici_sayisi", "max_qrcode", "created_at", "supabase_service_role_secret", "connection_type", "connection_config", "firma_eposta", "firma_telefon", "adres", "updated_at", "lisans_aktif") VALUES ('6dc146c5-5309-4615-9027-2e86d339ad0b', 'ESKISUPA ', 'SEKISUPA', 'https://ktdkozqcseolsuqyeoze.supabase.co', 'eyJhbGciOiJIUzI1NiIsInR5cCI6IkpXVCJ9.eyJpc3MiOiJzdXBhYmFzZSIsInJlZiI6Imt0ZGtvenFjc2VvbHN1cXllb3plIiwicm9sZSI6ImFub24iLCJpYXQiOjE3NjE3NzM1OTIsImV4cCI6MjA3NzM0OTU5Mn0.IdjGhX0GnYKSaXa1PFXxAH6mPKwn5kthgj_nRXgO8TQ', '2026-12-31', 300, 50, '2025-10-26T22:42:35.020549+00:00', 'eyJhbGciOiJIUzI1NiIsInR5cCI6IkpXVCJ9.eyJpc3MiOiJzdXBhYmFzZSIsInJlZiI6Imt0ZGtvenFjc2VvbHN1cXllb3plIiwicm9sZSI6InNlcnZpY2Vfcm9sZSIsImlhdCI6MTc2MTc3MzU5MiwiZXhwIjoyMDc3MzQ5NTkyfQ.VK4TMIZ1k0V518PAXLqWUBaPKdR85-EzBHv52MOF8oY', 'supabase', '{"url": "http://91.205.41.130:8000", "api_key": "test-key"}', NULL, NULL, NULL, '2025-12-19T23:05:49.294521', TRUE);
INSERT INTO "vw_aktif_firmalar" ("id", "firma_id", "firma_adi", "supabase_url", "supabase_anon_key", "son_kullanim_tarihi", "max_kullanici_sayisi", "max_qrcode", "created_at", "supabase_service_role_secret", "connection_type", "connection_config", "firma_eposta", "firma_telefon", "adres", "updated_at", "lisans_aktif") VALUES ('22f8370c-de38-49b6-8beb-8db2ded03e7f', 'postgres', 'postgres', NULL, NULL, '2025-12-31', 300, 10, '2025-12-19T23:05:16.608884+00:00', NULL, 'postgresql', '{"host": "91.205.41.130", "port": 5432, "database": "EXFIN_PDKS", "password": "Yq7xwQpt6c", "username": "postgres"}', 'firma@example.com', '+90 555 123 4567', NULL, '2025-12-20T01:18:58.757456', FALSE);
INSERT INTO "vw_aktif_firmalar" ("id", "firma_id", "firma_adi", "supabase_url", "supabase_anon_key", "son_kullanim_tarihi", "max_kullanici_sayisi", "max_qrcode", "created_at", "supabase_service_role_secret", "connection_type", "connection_config", "firma_eposta", "firma_telefon", "adres", "updated_at", "lisans_aktif") VALUES ('1d504ce8-3994-45d7-94a6-8e173aafabea', 'demo', 'demo', 'https://amfboizjpkwdttmavvro.supabase.co', 'eyJhbGciOiJIUzI1NiIsInR5cCI6IkpXVCJ9.eyJpc3MiOiJzdXBhYmFzZSIsInJlZiI6ImFtZmJvaXpqcGt3ZHR0bWF2dnJvIiwicm9sZSI6ImFub24iLCJpYXQiOjE3NTgxNDI0NDAsImV4cCI6MjA3MzcxODQ0MH0.q_xgDugs5BQwTt33l0EaSsIiE89MzUWQ7FyEGOjtvSo', '2026-12-31', 300, 10, '2025-10-26T22:43:45.695417+00:00', 'eyJhbGciOiJIUzI1NiIsInR5cCI6IkpXVCJ9.eyJpc3MiOiJzdXBhYmFzZSIsInJlZiI6Imt0ZGtvenFjc2VvbHN1cXllb3plIiwicm9sZSI6InNlcnZpY2Vfcm9sZSIsImlhdCI6MTc2MTc3MzU5MiwiZXhwIjoyMDc3MzQ5NTkyfQ.VK4TMIZ1k0V518PAXLqWUBaPKdR85-EzBHv52MOF8oY', 'supabase', NULL, 'test@exfin.com', NULL, 'Production Server', '2025-12-22T09:25:25.924776', TRUE);
INSERT INTO "vw_aktif_firmalar" ("id", "firma_id", "firma_adi", "supabase_url", "supabase_anon_key", "son_kullanim_tarihi", "max_kullanici_sayisi", "max_qrcode", "created_at", "supabase_service_role_secret", "connection_type", "connection_config", "firma_eposta", "firma_telefon", "adres", "updated_at", "lisans_aktif") VALUES ('8ec2fc4c-b53a-40a3-a732-a98eef2a36c7', 'FRM-001', 'DISMARCO', 'https://amfboizjpkwdttmavvro.supabase.co', 'eyJhbGciOiJIUzI1NiIsInR5cCI6IkpXVCJ9.eyJpc3MiOiJzdXBhYmFzZSIsInJlZiI6ImFtZmJvaXpqcGt3ZHR0bWF2dnJvIiwicm9sZSI6ImFub24iLCJpYXQiOjE3NTgxNDI0NDAsImV4cCI6MjA3MzcxODQ0MH0.q_xgDugs5BQwTt33l0EaSsIiE89MzUWQ7FyEGOjtvSo', '2026-09-20', 300, 10, '2025-09-27T14:17:27.425789+00:00', 'eyJhbGciOiJIUzI1NiIsInR5cCI6IkpXVCJ9.eyJpc3MiOiJzdXBhYmFzZSIsInJlZiI6ImFtZmJvaXpqcGt3ZHR0bWF2dnJvIiwicm9sZSI6InNlcnZpY2Vfcm9sZSIsImlhdCI6MTc1ODE0MjQ0MCwiZXhwIjoyMDczNzE4NDQwfQ.wZ4VTX4UO1w6M2xMhvonfZOtOfa2Vqq4t002Smm_0ds', 'supabase', '{"host": "91.205.41.130", "port": 5432, "database": "EXFIN_PDKS", "password": "Yq7xwQpt6c", "username": "postgres"}', NULL, NULL, NULL, '2025-12-20T10:23:29.968711', TRUE);

INSERT INTO "vw_firmalar_by_connection_type" ("connection_type", "firma_sayisi", "aktif_firma_sayisi") VALUES ('supabase', 3, 3);
INSERT INTO "vw_firmalar_by_connection_type" ("connection_type", "firma_sayisi", "aktif_firma_sayisi") VALUES ('postgresql', 1, 0);

INSERT INTO "firmalar" ("id", "firma_id", "firma_adi", "supabase_url", "supabase_anon_key", "son_kullanim_tarihi", "max_kullanici_sayisi", "max_qrcode", "created_at", "supabase_service_role_secret", "connection_type", "connection_config", "firma_eposta", "firma_telefon", "adres", "updated_at", "auto_device_approval", "device_approval_password", "onesignal_app_id", "onesignal_rest_api_key") VALUES ('6dc146c5-5309-4615-9027-2e86d339ad0b', 'ESKISUPA ', 'SEKISUPA', 'https://ktdkozqcseolsuqyeoze.supabase.co', 'eyJhbGciOiJIUzI1NiIsInR5cCI6IkpXVCJ9.eyJpc3MiOiJzdXBhYmFzZSIsInJlZiI6Imt0ZGtvenFjc2VvbHN1cXllb3plIiwicm9sZSI6ImFub24iLCJpYXQiOjE3NjE3NzM1OTIsImV4cCI6MjA3NzM0OTU5Mn0.IdjGhX0GnYKSaXa1PFXxAH6mPKwn5kthgj_nRXgO8TQ', '2026-12-31', 300, 50, '2025-10-26T22:42:35.020549+00:00', 'eyJhbGciOiJIUzI1NiIsInR5cCI6IkpXVCJ9.eyJpc3MiOiJzdXBhYmFzZSIsInJlZiI6Imt0ZGtvenFjc2VvbHN1cXllb3plIiwicm9sZSI6InNlcnZpY2Vfcm9sZSIsImlhdCI6MTc2MTc3MzU5MiwiZXhwIjoyMDc3MzQ5NTkyfQ.VK4TMIZ1k0V518PAXLqWUBaPKdR85-EzBHv52MOF8oY', 'supabase', '{"url": "http://91.205.41.130:8000", "api_key": "test-key"}', NULL, NULL, NULL, '2025-12-19T23:05:49.294521', FALSE, '1', NULL, NULL);
INSERT INTO "firmalar" ("id", "firma_id", "firma_adi", "supabase_url", "supabase_anon_key", "son_kullanim_tarihi", "max_kullanici_sayisi", "max_qrcode", "created_at", "supabase_service_role_secret", "connection_type", "connection_config", "firma_eposta", "firma_telefon", "adres", "updated_at", "auto_device_approval", "device_approval_password", "onesignal_app_id", "onesignal_rest_api_key") VALUES ('22f8370c-de38-49b6-8beb-8db2ded03e7f', 'postgres', 'postgres', NULL, NULL, '2025-12-31', 300, 10, '2025-12-19T23:05:16.608884+00:00', NULL, 'postgresql', '{"host": "91.205.41.130", "port": 5432, "database": "EXFIN_PDKS", "password": "Yq7xwQpt6c", "username": "postgres"}', 'firma@example.com', '+90 555 123 4567', NULL, '2025-12-20T01:18:58.757456', FALSE, '1', NULL, NULL);
INSERT INTO "firmalar" ("id", "firma_id", "firma_adi", "supabase_url", "supabase_anon_key", "son_kullanim_tarihi", "max_kullanici_sayisi", "max_qrcode", "created_at", "supabase_service_role_secret", "connection_type", "connection_config", "firma_eposta", "firma_telefon", "adres", "updated_at", "auto_device_approval", "device_approval_password", "onesignal_app_id", "onesignal_rest_api_key") VALUES ('1d504ce8-3994-45d7-94a6-8e173aafabea', 'demo', 'demo', 'https://amfboizjpkwdttmavvro.supabase.co', 'eyJhbGciOiJIUzI1NiIsInR5cCI6IkpXVCJ9.eyJpc3MiOiJzdXBhYmFzZSIsInJlZiI6ImFtZmJvaXpqcGt3ZHR0bWF2dnJvIiwicm9sZSI6ImFub24iLCJpYXQiOjE3NTgxNDI0NDAsImV4cCI6MjA3MzcxODQ0MH0.q_xgDugs5BQwTt33l0EaSsIiE89MzUWQ7FyEGOjtvSo', '2026-12-31', 300, 10, '2025-10-26T22:43:45.695417+00:00', 'eyJhbGciOiJIUzI1NiIsInR5cCI6IkpXVCJ9.eyJpc3MiOiJzdXBhYmFzZSIsInJlZiI6Imt0ZGtvenFjc2VvbHN1cXllb3plIiwicm9sZSI6InNlcnZpY2Vfcm9sZSIsImlhdCI6MTc2MTc3MzU5MiwiZXhwIjoyMDc3MzQ5NTkyfQ.VK4TMIZ1k0V518PAXLqWUBaPKdR85-EzBHv52MOF8oY', 'supabase', NULL, 'test@exfin.com', NULL, 'Production Server', '2025-12-22T09:25:25.924776', FALSE, '1', NULL, NULL);
INSERT INTO "firmalar" ("id", "firma_id", "firma_adi", "supabase_url", "supabase_anon_key", "son_kullanim_tarihi", "max_kullanici_sayisi", "max_qrcode", "created_at", "supabase_service_role_secret", "connection_type", "connection_config", "firma_eposta", "firma_telefon", "adres", "updated_at", "auto_device_approval", "device_approval_password", "onesignal_app_id", "onesignal_rest_api_key") VALUES ('8ec2fc4c-b53a-40a3-a732-a98eef2a36c7', 'FRM-001', 'DISMARCO', 'https://amfboizjpkwdttmavvro.supabase.co', 'eyJhbGciOiJIUzI1NiIsInR5cCI6IkpXVCJ9.eyJpc3MiOiJzdXBhYmFzZSIsInJlZiI6ImFtZmJvaXpqcGt3ZHR0bWF2dnJvIiwicm9sZSI6ImFub24iLCJpYXQiOjE3NTgxNDI0NDAsImV4cCI6MjA3MzcxODQ0MH0.q_xgDugs5BQwTt33l0EaSsIiE89MzUWQ7FyEGOjtvSo', '2026-09-20', 300, 10, '2025-09-27T14:17:27.425789+00:00', 'eyJhbGciOiJIUzI1NiIsInR5cCI6IkpXVCJ9.eyJpc3MiOiJzdXBhYmFzZSIsInJlZiI6ImFtZmJvaXpqcGt3ZHR0bWF2dnJvIiwicm9sZSI6InNlcnZpY2Vfcm9sZSIsImlhdCI6MTc1ODE0MjQ0MCwiZXhwIjoyMDczNzE4NDQwfQ.wZ4VTX4UO1w6M2xMhvonfZOtOfa2Vqq4t002Smm_0ds', 'supabase', '{"host": "91.205.41.130", "port": 5432, "database": "EXFIN_PDKS", "password": "Yq7xwQpt6c", "username": "postgres"}', NULL, NULL, NULL, '2025-12-20T10:23:29.968711', FALSE, '1', 'd289a6b7-b894-420a-87df-151ed8c3f4cf', 'os_v2_app_2ke2nn5ysrbavb67cupnrq7uz6lvah46ox7ely54v6na2gszsvbqoagm6pvofmjpxqc4najprdhlfsja6owzbtjfozfrzxkbxhjkg5i');

INSERT INTO "company_storage_quota" ("id", "max_storage_gb", "current_storage_bytes", "created_at", "updated_at") VALUES ('0ce40478-895e-487e-8f92-1b0b126bbf35', 1, 0, '2025-10-31T18:48:17.747001+00:00', '2025-10-31T18:48:17.747001+00:00');

INSERT INTO "system_settings" ("id", "setting_key", "setting_value", "setting_type", "description", "is_active", "created_at", "updated_at") VALUES ('be3a9b04-254b-40df-912e-c6dac83ded17', 'device_approval_password', '10021993', 'password', 'Cihaz onay işlemi için kullanılacak şifre', TRUE, '2025-10-27T00:39:51.290761+00:00', '2025-10-27T00:39:51.290761+00:00');

INSERT INTO "vw_firma_connection_details" ("firma_id", "firma_adi", "connection_type", "connection_config", "connection_type_name", "license_status", "max_kullanici_sayisi", "max_qrcode", "created_at", "updated_at") VALUES ('ESKISUPA ', 'SEKISUPA', 'supabase', '{"url": "http://91.205.41.130:8000", "api_key": "test-key"}', 'Supabase Cloud', 'Geçerli', 300, 50, '2025-10-26T22:42:35.020549+00:00', '2025-12-19T23:05:49.294521');
INSERT INTO "vw_firma_connection_details" ("firma_id", "firma_adi", "connection_type", "connection_config", "connection_type_name", "license_status", "max_kullanici_sayisi", "max_qrcode", "created_at", "updated_at") VALUES ('postgres', 'postgres', 'postgresql', '{"host": "91.205.41.130", "port": 5432, "database": "EXFIN_PDKS", "password": "Yq7xwQpt6c", "username": "postgres"}', 'Direct PostgreSQL', 'Süresi Dolmuş', 300, 10, '2025-12-19T23:05:16.608884+00:00', '2025-12-20T01:18:58.757456');
INSERT INTO "vw_firma_connection_details" ("firma_id", "firma_adi", "connection_type", "connection_config", "connection_type_name", "license_status", "max_kullanici_sayisi", "max_qrcode", "created_at", "updated_at") VALUES ('demo', 'demo', 'supabase', NULL, 'Supabase Cloud', 'Geçerli', 300, 10, '2025-10-26T22:43:45.695417+00:00', '2025-12-22T09:25:25.924776');
INSERT INTO "vw_firma_connection_details" ("firma_id", "firma_adi", "connection_type", "connection_config", "connection_type_name", "license_status", "max_kullanici_sayisi", "max_qrcode", "created_at", "updated_at") VALUES ('FRM-001', 'DISMARCO', 'supabase', '{"host": "91.205.41.130", "port": 5432, "database": "EXFIN_PDKS", "password": "Yq7xwQpt6c", "username": "postgres"}', 'Supabase Cloud', 'Geçerli', 300, 10, '2025-09-27T14:17:27.425789+00:00', '2025-12-20T10:23:29.968711');

